,Produto,Receita Total
0,white,13448.7
1,side,3762.0800000000004
2,network,3664.7799999999997
3,professor,1361.82
4,dinner,786.24
5,rest,761.28
6,agency,680.54
7,already,616.41
